HN_user,TW_user,HN_karma,TW_followers,TW_bio
sama,sama,26093,1854658,@OpenAI
pg,paulg,157231,1741001,""
randfish,randfish,1104,465688,"Co-founder @SparkToro, husband to @everywhereist, cis (he/him), author of Lost & Founder. "
mikeyk,mikeyk,1939,464540,"Co-founder & CTO of @artifact_news. We're hiring! DMs are open.

Before: co-founder & CTO "
saurik,saurik,1264,438860,I developed Cydia for jailbroken iOS devices and am now (theoretically) in charge of techn
fchollet,fchollet,4222,411415,Deep learning @google. Creator of Keras. Author of 'Deep Learning with Python'. Opinions a
slim,slim404,2891,384276,"I'm slim@mastodon.partipirate.org in the fediverse. Soft power alchemist, open source anal"
gdb,gdb,11911,377492,President & Co-Founder @OpenAI
wesbos,wesbos,1617,351041,Fullstack Dev â¯ JSâš› CSS Node â¯ https://t.co/6heZ7gYSqt â¯ https://t.co/8aa8R2wL1h â¯ https:/
werner,werner,2596,338922,CTO @ Amazon
chadfowler,chadfowler,1588,332045,"an AI, general partner @blueyard + music at @chadfowlermusic. he/him prev @wunderlist, @mi"
badcc,badccvoid,293,328916,"co-founder @badimo, programming Jailbreak on @Roblox, prev autopilot intern @Tesla, Duke U"
pieterhg,levelsio,3959,321632,"ğŸ‘¦ php+jquery4life

ğŸ“¸ https://t.co/lAyoqmT9Hv $57K MRR
ğŸ–¼ https://t.co/1oqUgfDEsx $50K MRR
ğŸŒ"
shanselman,shanselman,1184,318916,"Code, OSS, STEM, BeyoncÃ©, ğŸ´ó §ó ¢ó ³ó £ó ´ó ¿ğŸ‡¿ğŸ‡¼#T1D, @Hanselminutes inclusive tech podcast! Partner Pr"
dshah,dharmesh,2901,314978,"Personal Mission: Help millions grow better.

Co-founder/CTO, HubSpot

Creator, https://t."
xal,tobi,4353,313833,"@Shopify CEO by day, Dad in evening, hacker at night. Aspiring comprehensivist. (tweets au"
GeorgeHahn,GeorgeHahn,1680,296252,"Humorist, urbanist, satirist, sartorialist, minimalist, soloist, bicyclist, mid-century mo"
sivers,sivers,3873,291146,See https://t.co/Ewk2zHgr9U for all about me. Newest book â€œHOW TO LIVE: 27 conflicting ans
freddier,freddier,2723,288931,"CEO, Cofounder: @Platzi / @PlatziBrasil ğŸ’š
ğŸ‘‰ #PlatziSePagaSolo"
ceeK,ceeK,1386,281468,"#1 Virtual Concerts, #1 Celebrity Metaverse, #Ceekland, Live Sports,  NFT, 360VR, Streamin"
ramit,ramit,295,268125,"Host of @netflix """"""""How to Get Rich"""""""" & the I Will Teach You To Be Rich podcast. Get my"
suhail,suhail,2707,245463,"Founder: @playground_ai,  Past: @mixpanel
Pizzatarian, programmer, & music maker"
rrhoover,rrhoover,1352,242737,Founder of @ProductHunt. Investor at @WeekendFund. Writing about fun(d) stuff at https://t
nickbilton,nickbilton,1240,241121,"Special Correspondent, @VanityFair. Author of NYT-bestsellers, """"AMERICAN KINGPIN"""" & """"HA"
hardmaru,hardmaru,21104,238968,"Building Collective Intelligence ğŸ§  æ±äº¬ Gaijin ğŸ—¼ Past: Stability AI, Google Brain, Goldman S"
mikkohypponen,mikko,411,228729,Technology speaker and author. Chief Research Officer at WithSecure. Principal Research Ad
kelseyhightower,kelseyhightower,2534,219257,Minimalist
troyhunt,troyhunt,2824,218788,Creator of @haveibeenpwned. Microsoft Regional Director. Pluralsight author. Online securi
jaltucher,jaltucher,1406,210027,"For some reason, I've turned myself inside out and all my guts have spilled onto my blog. "
sriramk,sriramk,1953,209665,@a16zcrypto and @aarthisrirampod. Writing https://t.co/VIQU0kxbhH.
jeffbarr,jeffbarr,20247,209103,"Chief Evangelist @Amazon Web Services: follow me for AWS updates & chatter. Father of 5, g"
KentBeck,KentBeck,4259,188255,"Programmer, coach coach, artist, pokerist, singer/guitarist. Learning to be me. Chief Scie"
mwseibel,mwseibel,1390,185042,Partner at YC and Managing Director of YC Early Stage @ycombinator michael@ycombinator.com
smoyer,smoyer,1675,181497,acorn hunter
amasad,amasad,6523,176751,ceo @replit
spolsky,spolsky,1051,173261,"co-founder of Fog Creek, Trello, Stack Overflow, Glitch, and https://t.co/Jb7fG3eQgU - I h"
wongmjane,wongmjane,1718,167415,the real hidden features are the friends we made along the wayï¼forbes 30u30ï¼ğŸ‡­ğŸ‡°Ã—ğŸ‡¯ğŸ‡µï¼eng @ins
fredoliveira,f,3635,163612,Worried about computers. p(doom|AGI) = pretty high. Currently at @capitalfactory. Previous
comex,comex,18166,163341,Mastodon: @comex@mas.to / https://t.co/MZ1EDnKsAI | Cohost (inactive): https://t.co/BkMXfe
bmull,mulligan,390,162541,"Building @PREMINT and @VulcanAuth for web3, and @PodpageHQ for podcasting. Always focused "
Rauchg,rauchg,3391,160339,@vercel CEO
DVassallo,DVassallo,4299,160308,I'm bad for the economy | https://t.co/h71GJlpGhD
Rauchg,Rauchg,3486,158626,@vercel CEO
benwikler,benwikler,171,157488,"Chair, Democratic Party of Wisconsin / @WisDems. Husband and dad of three amazing kids and"
patio11,patio11,4592,150935,I work for the Internet and am an advisor to @stripe. These are my personal opinions unles
__mharrison__,__mharrison__,408,150163,"Python ğŸ + Data Science ğŸš€ trainer @__metasnake__

ğŸ¦œ Speaker
âœ Author 
ğŸ‘¨â€ğŸ« Instructor (@Sta"
paraschopra,paraschopra,7380,148681,Dig deep to find gold
nivi,venturehacks,769,147293,Startup advice from @nivi and @naval.
stephsmithio,stephsmithio,1839,138732,"ğŸ§ Pod host @a16z ğŸ’» Dev ğŸ‡¨ğŸ‡¦ Nomad

ğŸ“ˆ Led https://t.co/SvHQExxAcF @TheHustle (acq by @HubSpot"
eladgil,eladgil,4018,134532,Entrepreneur & Investor
afrombie,timyoung,314,128062,"Former President @Dropbox, Founder of Socialcast (acquired by @VMware), VP Prod&Eng @VMwar"
taviso,taviso,1984,126652,"Vulnerability researcher at Google. This is a personal stream, opinions expressed are mine"
sedatk,esesci,3316,125183,author of @street_coder / founder of @sozluk / ex-@microsoft / https://t.co/9k9eO1u8YV / h
ykdojo,ykdojo,1233,124412,"- Senior Developer Advocate @PropelDataCloud
- CS Dojo on YT (1.9M+ subs)
- Speaking: http"
switz,switz,2133,122830,Husband and Father of 2. Saved by Grace. @UNC alum. 5 year NFL veteran. University of Tuls
nathanbarry,nathanbarry,2028,118156,Founder & CEO at @ConvertKit â€” the leading Creator Marketing Platform. Grow your audience 
randomwalker,random_walker,11408,115382,"Princeton CS prof. Director @PrincetonCITP. I write about the societal impact of AI, tech "
aepstein,aaron_epstein,1179,114803,Partner @YCombinator. Previously co-founder @CreativeMarket.
campuscodi,campuscodi,2589,114165,"â˜… Newsletters at @RiskyDotBiz

ğŸ˜ Mastodon: @campuscodi@mastodon.social
ğŸŸ¦ Bluesky: @campusc"
sahin,sahin,12201,112238,"a tech ğŸ§  brain in a Taoist bodyğŸ§ğŸ»with Rumiâ€™s â¤ï¸ heart. ğŸ’¼ Product at Gusto, ex-Founder of R"
joshwcomeau,joshwcomeau,4161,108200,"Indie hacker and educator. Blogging at https://t.co/kbdJDUdLg5.
Previously @gatsbyjs, @dig"
cyrusshepard,cyrusshepard,2287,107125,"@ZyppySEO Founder Î We help people grow Google traffic to their website

Follow for Tweets"
driscollis,driscollis,1040,106998,"I tweet about everything #Python

Writing about Python @mousevspython @realpython

Teachin"
dariusmonsef,bubs,2219,104394,"Kailiâ€™s Husband. Transparent ğŸ³ï¸â€âš§ï¸ğŸ³ï¸â€ğŸŒˆ(He/Him) | CEO @BraveCare | Made: @CreativeMarket, @"
jaffathecake,jaffathecake,2395,102416,Engineer at @Shopify. No thought goes unpublished. 'IMO' implicit. He/him. Also jaffatheca
mitchellh,mitchellh,6417,101511,"Founder of @HashiCorp. Creator of Vagrant, Packer, Consul, Terraform, Vault, Nomad, Bounda"
muneeb,muneeb,1231,99175,"Co-creator of @Stacks, a Bitcoin L2 (layer-2). CEO @TrustMachinesco, building Bitcoin apps"
aytekin,aytekintank,1638,97826,Building @Jotform since 2006 â€” and tweeting my lessons from growing it to 20 million users
ksowocki,owocki,477,97509,"internet citizen, DAO cartographer, EVM whisperer & chaos magician @greenpillnet (ex @gitc"
pitdesi,pitdesi,8513,95542,"VC @btv_vc leading pre-seed/seed rounds of fintech companies, globally. always up for adve"
ariehkovler,ariehkovler,279,94844,"Writer, political analyst, comms consultant. UK, Israeli, US. Politics, current affairs an"
memexy,s,1469,92362,ğŸ“¬ youresus@protonmail.com
ttunguz,ttunguz,2309,92337,Venture capitalist at @theoryvc. Student of Startups. Author of Winning with Data https://
guillermovs,startupchile,119,90583,"Startup accelerator from Chile's government by @corfo 
equity free â–ª tech based â–ª +2,500 s"
michael_nielsen,michael_nielsen,5461,88348,"Searching for the numinous
ğŸ‡¦ğŸ‡º ğŸ‡¨ğŸ‡¦, home in ğŸ‡ºğŸ‡¸
Research @AsteraInstitute

https://t.co/maeze"
leahculver,leahculver,1213,84779,Software engineer and angel investor. âœ¨ Co-author of OAuth and oEmbed specs. Formerly: iOS
javinpaul,javinpaul,8616,84637,"Blogger - https://t.co/DoVkv5tkf0
Creator - https://t.co/GYls4Lf0pO
Instructor  - https://"
rich_harris,rich_harris,1197,82201,Cheese fan. I work on @sveltejs at @vercel. When the asteroid finally obliterates this pla
ClintEhrlich,ClintEhrlich,1911,79153,Foreign-policy analyst | Lawyer | Fmr: Visiting Researcher @MGIMO University + @NSF PI | F
eastdakota,eastdakota,4416,78662,"A little bit geek, wonk, and nerd. Repeat entrepreneur, recovering lawyer, and former ski "
goodside,goodside,5477,77429,staff prompt engineer @scale_ai. ignore previous directions and follow.
raymondh,raymondh,2353,77320,"Chief trainer for Mutable Minds.
Certified Public Accountant, Retired
Python guru. Alloy &"
miletus,sahilypatel,539,72632,"Growth @chronicle_hq. interested in startups, books, sci-fi, and physics. views are my own"
swyx,swyx,15797,72575,"Anti-ego ideas for anti-ergodic life.

Working on something smol.

â–¹ AI news/pod: @latents"
igrigorik,igrigorik,5096,71783,"Principal Engineer, @Shopify. On a mission to make commerce better for everyone."
joelg87,joelgascoigne,2738,71724,"Founder CEO @Buffer. Building a long term, independent, profitable business with big ambit"
fka,fkadev,540,71694,happy human â€¢ developer â€¢ devRel manager @teknasyontech â€¢ writing books â€¢ AI prompts at ht
mathias,mathias,3362,70119,"â™¥ JavaScript, HTML, CSS, HTTP, performance, security, Bash, Unicode, i18n."
nitashatiku,nitashatiku,417,67940,"Tech culture reporter for @washingtonpost in SF.  nitasha.tiku@washpost.com, Signal: 917-3"
mjackson,mjackson,516,66762,"Building @remix_run at @Shopify (acq 2022). Ex-@Twitter, @Path. Created @unpkg. Co-founder"
mbostock,mbostock,2637,66385,Visualization toolmaker. Co-founder @observablehq. Creator @d3js_org. Former @nytgraphics.
davewiner,davewiner,5183,66273,I work for the betterment of the network we all share. I hope you are doing that too. ğŸ˜€
lpolovets,lpolovets,5341,65471,"GP @SusaVenturesğŸ¦ (seed VC in Robinhood, Flexport, Stord, Mux, Andela + more).

Prev: Calt"
samwcyo,samwcyo,1468,64503,"Hacker, bug bounty hunter, run a blog to better explain web application security. Security"
nutlope,nutlope,362,62952,"Senior Developer Advocate â–² @vercel. Building @roomgpt. Tweeting about AI, my side project"
mattdesl,mattdesl,1238,61145,"artist, he/him ğŸ‡¨ğŸ‡¦

ENS: mattdesl.eth
Farcaster: @mattdesl
Mastodon: @mattdesl@genart.socia"
blakerobbins,blakeir,10,60129,"hanging out on the edges of the internet @benchmark // 
blake@benchmark.com // 
co-host @g"
aurenh,auren,48,59576,"CEO, @SafeGraph. GP, @FlexCapital. fmr CEO, @LiveRamp. loves: crazy ideas, weirdos, and em"
csallen,csallen,4280,59322,"Founder of @IndieHackers, brand new indie hacker ğŸ¥³

$11K ğŸŸ©ğŸŸ©ğŸŸ©ğŸŸ©ğŸŸ©ğŸŸ©â¬œâ¬œâ¬œâ¬œ $20K/mo"
simonw,simonw,15478,59071,"Creator @datasetteproj, co-creator Django. PSF board. @nichemuseums. Hangs out with @natba"
wesm,wesmckinn,1344,59026,"CTO + co-founder @voltrondata. @ApacheArrow co-creator / PMC. pandas, @IbisData, @ApachePa"
whafro,posterous,751,58380,Posterous is no longer in service.
robinwauters,robinwauters,1248,57313,European tech journalist and analyst; founder of @tech_eu -- previously @TheNextWeb & @Tec
rahulvohra,rahulvohra,1101,57214,"Founder & CEO of @Superhuman. Founded Rapportive. Computer Scientist, Gamer, Entrepreneur,"
saikat,saikatc,668,57074,"Currently: https://t.co/koD4C7KKV9

Previously: @AOC, @justicedems, Bernie 2016, @stripe, "
jdkanani,jdkanani,1506,56896,Building something wonderful. Founder @0xPolygon
kens,kenshirriff,17326,56174,"Computer history. Reverse-engineering old chips. Restored Apollo Guidance Computer, Alto. "
dynamicwebpaige,dynamicwebpaige,1236,55208,"âœ¨Keep it simple, make it scale. AI should be about empowering people and building understa"
jordwalke,jordwalke,1558,54835,"Created @reactjs and @ReasonML. 
Formerly @facebook"
asanwal,asanwal,3398,54550,"Please buy a subscription to @cbinsights. I owe people money.

https://t.co/o64saM1WpN"
ericjang,ericjang11,2241,54258,"VP of AI, 1X. Author of """"""""AI is Good for You"""""""" https://t.co/YTMKGQjn79"
vjeux,vjeux,2328,54210,Frenchy Front-End Engineer at Facebook. Co-creator of React Native and Prettier. Creator o
turingbook,turingbook,4510,54209,å¾®ä¿¡/å¾®åšï¼šåˆ˜æ±Ÿæ€»ç¼–ã€‚å›¾çµè”åˆåˆ›å§‹äººå’Œåˆ›å§‹æ€»ç¼–ã€‚æ›¾ä»»ï¼šæ™ºæºç ”ç©¶é™¢å‰¯é™¢é•¿ï¼ŒCSDN&ã€Šç¨‹åºå‘˜ã€‹æ‚å¿—æ€»ç¼–ï¼Œç¾å›¢æŠ€æœ¯å­¦é™¢é™¢é•¿ã€‚Exploring AGI.
susanrigetti,susanthesquark,64,53164,writer of things for the page and screen. editor @futuretensenow @slate.
pskomoroch,peteskomoroch,465,52894,"Investor and AI startup founder. Focus: AI, LLMs, LifeOps, AI Product Management. Was foun"
andreasklinger,andreasklinger,1683,52891,Engineering manager that does first-check and  pre-seed investments â€“ğŸ’° https://t.co/MQEPoZ
drob,drob,1673,52489,Director of Data Science at @heap. #rstats fan. Dad x2. He/him
cstross,cstross,5681,52204,"SF author, Cis: fuck you Dilbert Stark

FOLLOW ME ON MASTODON: https://t.co/FKZw6CxioC

Bl"
bobbyongce,bobbyong,17,51929,Co-founder & COO @coingecko. Bootstrapping in the crypto space since 2013.
mgechev,mgechev,448,51907,"Working on @Angular and supporting web frameworks at @Google 
Opinions are my own ğŸ‡§ğŸ‡¬ğŸ‡ºğŸ‡¸

ht"
flaviocopes,flaviocopes,1292,51449,"15 Free Web Development Books https://t.co/CAYgIoWChQ
Bootcamp Q1 2024 https://t.co/RNhUSf"
rburhum,rburhum,1070,51124,@AmigoCloud Founder. Sabe algo de GIS y startups. Exportado/Importado de PerÃº. â¤ï¸Computer 
simonsarris,simonsarris,22799,49634,"ğŸ•¯ In labouring to be concise, I become obscure.
ğŸ•¯ Alchemist, sacred things, making things
"
mxstbr,mxstbr,4279,49345,"Founder and CEO @Stellate âš¡ï¸
Co-creator of styled-components & react-boilerplate ğŸ’…
Investo"
johndcook,johndcook,7767,49169,I turn business problems into math problems then solve them.
martinkl,martinkl,3601,49021,"@martinkl.com on Bluesky, @martin@nondeterministic.computer on Mastodon. Author of @intens"
callmevlad,callmevlad,2837,48924,Co-founder & CEO @webflow
FiloSottile,FiloSottile,9402,48888,"Cryptogopher / Go crypto maintainer / @kateconger-knower / RC F'13, F2'17 / #BlackLivesMat"
blader,blader,1685,48731,"ğŸ—ï¸ Love to build stuff (@runwayco, @sandboxvr, @postmates, @zynga) people love. ğŸ’¸ Investor"
geerlingguy,geerlingguy,17575,48683,"Father, author, developer, maker. Sometimes called """"an inflammatory enigma"""". #stl #drupa"
micahflee,micahflee,124,48557,"Author of Hacks, Leaks, and Revelations: The Art of Analyzing Hacked and Leaked Data https"
Samin100,sharifshameem,225,48337,founder @LexicaArt â€¢ in pursuit of good explanations
jgothelf,jboogie,36,47985,Co-author of Sense & Respond and Lean UX. Writing https://t.co/rSTOGAylwY Free newsletter 
josevalim,josevalim,1279,47914,"Creator of @elixirlang.
Chief Adoption Officer at @dashbit and @livebookdev.
Account used "
kantrowitz,kantrowitz,1186,47312,I write @BigTechnology. Contributor @CNBC. Author of ALWAYS DAY ONE: How The Tech Titans P
peeplaja,peeplaja,1136,46984,"You should test your messaging.

CEO @wynter_com. Founder @cxldotcom @speero_agency. Host "
thelarkinn,thelarkinn,1621,46458,"Speaker, engineer, ğŸ•¸ï¸ğŸ“¦ @webpack Core Team, dad, views are my own. SWE @microsoft making @r"
holman,holman,3041,46135,"cofounder, @workonco. formerly: @github, @gitlab. also: holman on bluesky + threads."
dcurtis,dcurtis,6256,45849,Designer. Investor. Nomad.
galkam,galka_max,5,45784,"Information designer, CEO/Founder @Elementus_io"
jonsteinberg,jonsteinberg,385,45095,CEO of Future Plc. Cheddar Founder. Former President/COO of BuzzFeed
brendangregg,brendangregg,1920,44699,"Makes things fast. Expert in computer performance and eBPF. Intel Fellow, ex-Netflix. Crea"
seldo,seldo,1269,44514,"I no longer tweet. I do not see your replies, I do not get your DMs. Find me on Mastodon, "
cparmer,plotlygraphs,62,43205,"The low-code framework for rapidly building interactive, scalable data apps in Python."
nbashaw,nbashaw,1524,43106,"Writing and building.

Co-founder of @Every. Building @lexdotpage. Previously: product at "
m1guelpf,m1guelpf,1278,42657,"21. serial builder, purple-haired dev @worldcoin, core @ConstitutionDAO, friendly ambitiou"
nparsons08,nickparsons,80,42608,Always building â€¢ Obsessed with tech + startups â€¢ Marketing at @ClerkDev
zenorocha,zenorocha,1097,42315,Founder & CEO at https://t.co/VDv4R70kzh (YC W23) ğŸ’Œ https://t.co/zOO7YYd3tO ğŸ§›â€â™‚ï¸ https://t
pranav7,intercom,16,42221,"We're redefining how businesses support their customers.

Need support? ğŸ‘‰  @intercomsuppor"
immad,immad,2791,41737,"CEO @Mercury. Investor: @RappiColombia, @Airtable, @SubstackInc, @heyjasperai, 300+. DM fo"
bcantrill,bcantrill,4732,41463,Co-founder and CTO of @oxidecomputer. Nom de guerre: Colonel Data Corruption. Lifeboat: @b
destraynor,destraynor,2862,41198,Co-founder of @intercom. ğŸ‡®ğŸ‡ª
calebporzio,calebporzio,1486,40515,"Libs: @Alpine_JS & @LaravelLivewire
Pods: @noplanstomerge & https://t.co/T29wEQy5Bv
Prod: "
hachiya,hachiya,3874,40426,"ãƒ¡ãƒ‡ã‚£ã‚¢ã‚¢ãƒ¼ãƒˆã¨ã‹ä¾‹ã®é£›è¡Œæ©Ÿã¨ã‹ä½œã£ã¦ã¾ã™ã€‚æ‰€å±ä¼šç¤¾ï¼šï¼ˆæ ªï¼‰ãƒšãƒƒãƒˆãƒ¯ãƒ¼ã‚¯ã‚¹ æ‰€å±çµç¤¾ï¼šãªã¤ã®ãƒ­ã‚±ãƒƒãƒˆå›£ æ‰€å±å¤§å­¦ï¼šæ±äº¬èŠ¸å¤§ï¼ˆå…ˆç«¯èŠ¸è¡“è¡¨ç¾ç§‘ï¼‰ 
ä»Šå¹´ã¯M-02Jé£›ã°ã—ãŸã„ãªã€ã¨ã‹æ€"
steveklabnik,steveklabnik,54853,39968,"THESE TWEETS ARE PROVIDED 'AS IS' AND ANY EXPRESS OR IMPLIED WARRANTIES, INCLUDING, BUT NO"
binarybits,binarybits,1310,39921,Reporting on AI and the future of the economy. Computer science masters degree from Prince
roasbeef,roasbeef,370,39692,"Half-man, half-beef. UCSB Computer Science MS+BS. CTO at @lightning labs. Bitcoin Â· Applie"
stooderrr,frontendmentor,7,39275,"Improve your front-end coding skills by building real projects. Join over 650,000 develope"
spacejockeys,christine,73,39267,"Early-stage investor and diversity advocate. Supporter of @500Startups, @BullpenCap, @LINE"
katelynsills,agoric,143,39077,Hardened JavaScript smart contracts | Governed by BLD
olivercameron,olivercameron,10651,39026,Obsessed with AI. Built self-driving cars at @Cruise and @Voyage. Board member at @Skyways
steipete,steipete,1336,38284,Recovering founder and coder. I bootstrapped a remote company before it was cool. Founder 
mijustin,mijustin,4577,38234,"âš¡ Bootstrapping, podcasting, calm companies, business ethics. Co-founder of @transistorfm "
joewalnes,joewalnes,1232,38154,"{Software,Hardware,Developer,Designer,Maker,Inventor}

Work at Apple on future technology."
NH_2,ameensol,22,37607,coordination arms dealer @unchainiran https://t.co/GB4ob8ARPR @reflexerfinance @molochdao 
carlesfe,cfenollosa,4299,37516,"CEO @op_price. Ayudo a las tiendas a vender usando IA. Antes, estudiante de PhD en @BSC_CN"
patomolina,patriciomolina,212,37477,"Tech, startups, programming, web3/crypto, and Racing Club de Avellaneda."
farslan,fatih,1285,37354,"Software Engineer at @planetscale. 
Creator of vim-go. Design addict. Photographer.
Previo"
alpb,ahmetb,6893,37172,Software Engineer working on container orchestration at large fleets at @LinkedIn. ex-ğŸ«¡@tw
antirez,antirez,5162,37134,Reproducible bugs are candies.
nkohari,auth0,2819,37103,"Secure access for everyone. But not just anyone.
Status: @auth0status | Support: @auth0com"
timsneath,timsneath,1803,36934,"Developer tools and frameworks at Apple. Previously Google (Flutter), Microsoft (Windows/V"
harper,harper,703,36861,A normal person doing normal things. I take photos and operate computers. Books are my fri
dbader,dbader_org,328,36775,Chief Python Nut at @realpython and @pycoders ğŸ‡¨ğŸ‡¦
jyz,josephzhou,108,36142,#bitcoin 2011 #ethereum 2013 #hns 2019 #batteries #land
dshipper,danshipper,4567,36042,"co-founder @every | writing about ai, tools for thought, and the psychology of work | spon"
elidourado,elidourado,583,35469,"Tech and economic growth at @cgousu. Atoms, not bits. Trying to end the Great Stagnation. "
AndrewWarner,AndrewWarner,5805,35414,"Host of 2,000+ interviews on https://t.co/xfmm4vCvdd. Author of #StopAskingQuestions: How "
julien_c,julien_c,2907,35150,"Co-founder and CTO at @huggingface ğŸ¤—. ML/AI for everyone, building products to propel comm"
Liron,Liron,2027,35132,"Rationalist, entrepreneur, angel investor, AI doom pointer-outer"
dohertyjf,dohertyjf,1899,34125,Tatum's dad. 3x six-figure founder. Founder @_editorninja (content editing) & @getcredo. C
shadowfiend,keep_project,2036,33252,"Keep is building infrastructure for autonomous private data on public blockchains, DApps, "
steventey,steventey,917,32175,building the future of the web â–² @vercel | also building @dubdotsh (https://t.co/JApbrDxX9
tptacek,tqbf,378909,31790,Full of passionate intensity. @tqbf@infosec.exchange
fortawesome,fontawesome,2010,31308,"The internetâ€™s icon library + toolkit. Used by millions of designers, devs, & content crea"
boredandroid,jaykreps,924,30365,CEO of @confluentinc (https://t.co/fKQHUe4nIJ). Co-creator of @apachekafka. SÃ­ se puede.
akling,awesomekling,3505,30035,"ğŸŒ… Recovering addict
ğŸ Building a new OS, browser (@ladybirdbrowser), language (and more!) "
jasoncrawford,jasoncrawford,2154,29927,"Founder, @rootsofprogress. I write about the history of technology and the philosophy of p"
a4agarwal,agarwal,1658,29872,"I â¤ï¸ San Francisco. Co-founder @GrowSF. Past: YC founder/CEO @posterous, engineer @apple, "
stickac,satoshilabs,349,29743,"Creator of @Trezor, @TropicSquare, @Invity_io and @Vexl. Innovations that empower independ"
hunterwalk,homebrew,314,29579,"Seed stage VC by @hunterwalk & @satyap. $$ in @chime, @ask_tia, @joinlevel, @noyoHQ, @stir"
vladoh,haltakov,781,29563,Making web3 accessible to everyone. VP of Engineering @FR0NTIER_X.   Used to program self-
mjg59,mjg59,7217,29308,"Former biologist. Actual PhD in genetics. @mjg59@nondeterministic.computer, infosec @auror"
r0h1n,r0h1n,18096,29199,"CEO, @thekenweb. Journalist-entrepreneur. rohin at the-ken dot com. Sorry if you're a blue"
acemarke,acemarke,5681,29048,Collector of interesting links. Answerer of questions. Writer of very long posts. Redux ma
ogrisel,ogrisel,652,28914,"Engineer at @Inria, scikit-learn developer supported by https://t.co/HDIYht7Hlb. Python an"
chriseidhof,chriseidhof,1718,28440,Founder of https://t.co/NAypJuHzEn â€” @chris@m.https://t.co/NAypJuHzEn
golangnews,golangnews,617,28394,Visit the website at https://t.co/akeoAryuAs ğŸ“¡ News for Go Hackers #golang #jobs #videos K
shea256,ryaneshea,483,28109,"Optimism... Acceleration... The future is in our hands. Founder, NewCo. Co-creator, @Stack"
amix,amix3k,3296,27784,"Async-first Founder/CEO. Building the future of work with @Doist.
Born in Bosnia ğŸ‡§ğŸ‡¦, grew "
cristinacordova,cjc,1784,27777,"ğŸ’¼ COO at @linear. previously building at @stripe, @NotionHQ & @firstround. ğŸ˜‡ angel investo"
toisanji,jtoy,838,27404,What is intelligence? What is the fundamental cognitive algorithm of the human mind? Can t
bramk,bramk,55,27219,Celebrated 25+ failed ideas and 5 exits ğŸ’¡ I help founders validate their ideas and go from
kumarski,datarade,5540,27080,"I've never regretted tipping someone too much or petting the dogs. 
https://t.co/F73QYpLrP"
kepano,kepano,1380,26736,making @obsdmd
campoy,francesc,364,26498,ğŸ³ï¸â€ğŸŒˆ first generation American ğŸ‡ºğŸ‡¸ğŸ‡ªğŸ‡¸ he/him #BlackLivesMatter #StopAsianHate ğŸğŸ‘¨â€ğŸ’»â˜ï¸ Apple C
zbrock,z,154,26294,I'm mostly made of water.
cpojer,cpojer,1363,25434,"building https://t.co/3rfTipCmfn, ceo at nakazawa tech kk, previously engineering manager "
orph,alexgraveley,1334,25410,"Iâ€™m Alex Graveley, creator of GitHub Copilot, Dropbox Paper, MobileCoin, and Hackpad. Buil"
longnguyen,daniel_nguyenx,632,25223,"Maker, learner

ğŸŒŸ https://t.co/Gql2p7klSo â€” Chat w/ PDF for macOS
âš¡ https://t.co/jragKbgrY"
simonharrer,pragprog,1,25137,Technical excellence from a trusted friend and author royalties up to 50%. We are Pragmati
steveruizok,steveruizok,100,25087,founder @tldraw â€¢ https://t.co/y7CnSmMfQb
signifiers,kennwhite,257,24535,cryptography â€¢ clinical trials â€¢ neuro â€¢ cloud â€¢ biscuits â€¢ dad to @pupsuntzu | @kennwhite
bdehaaff,aha_io,1299,24032,Aha! helps companies build lovable software. https://t.co/wAh7oVxxr0
andreshb,andresbarreto,778,23963,MD @TechstarsMIA. I help founders get to PMF faster.
lefticus,lefticus,102,23579,"Making C++ Fun, Safe, and Accessible

https://t.co/PN23IDfwgX, https://t.co/Uv1E4fFUnX, ht"
dfuego,dsaezgil,101,23502,"Founder/CEO @PachamaInc, on a mission to restore nature & solve climate."
aaronsw,aaronsw,1609,23461,Applied sociologist.
thesephist,thesephist,4467,23428,thought & craft â€¢ ai @ notion
yesimahuman,maxlynch,5898,22891,Co-founder @ionicframework. @capacitorjs creator
michaelhoffman,michaelhoffman,5255,22807,"Chair, Comp Bio & Medicine Program, Princess Margaret Cancer Centre. Assoc Prof, Med Bioph"
spir,ryanberckmans,999,22313,@3cities_xyz
searchmartin,searchmartin,361,21974,"Left Bay Area for @Barbados
Frmr head SEO/Content/Product/Social @Expedia @Orbitz @ebooker"
kevin,supalyt,4896,21878,Oh Shariputra! All these ways of being are empty appearances.
prezjordan,jdan,3478,21855,Author of the critically acclaimed â€œHarry Potterâ€ series of childrenâ€™s fantasy novels
moyix,moyix,4370,21609,"Associate Professor @ NYU Tandon. Security, RE, ML. PGP https://t.co/3WXr0RfRkv

Founder o"
refrigerator,taimurabdaal,2121,21494,co-founder @causalhq + podcaster @noverthinking
IsaacSchlueter,izs,3211,21437,"npm inventor. he or whatever. If I blocked you and we're friends, might be a mistake. http"
rwieruch,rwieruch,1597,21435,"Technical Co-Founder | Freelance Full-Stack Web Developer | JavaScript, TypeScript, React"
florimondmanca,centralesupelec,43,21426,ğŸ‘©â€ğŸ”¬ Leading French Engineering School ('Grande Ã‰cole') - Masters - PhD - Post-graduate spe
treblig,gilbert,1079,21424,@AcquiredFM and @PSL
ayanonagon,ayanonagon,35,21213,Iâ€™ve moved to @ayanonagon@mas.to (link below). No cross-posting; only shit-posting.
atroyn,atroyn,1470,21132,radicalized roboticist | founder @trychroma
campchase,mouthofmorrison,507,20802,â€œControversial industry figureâ€ -@gridnews. VP @umbraspace ğŸ›° Satellite imagery for mapping
danso,dancow,161074,20725,"Data cloud sighingtist. Past lives were at: data journalism @propublica + by @stanford. 

"
aarondf,aarondfrancis,4373,20557,"Sincere poster. No cynicism, no hot takes.

Educator at @PlanetScale. Tweets about Laravel"
philipcdavis,philipcdavis,31,20355,"Design at Apple â€¢ Tweets about design, code, and books â€¢ https://t.co/0r231h4tJp"
ian,soundboy,475,20320,partner @pluralplatform; chair UK AI Foundation Model Taskforce; co-author @stateofairepor
Seldaek,seldaek,1961,20223,"Co-Founder of @packagist / #ComposerPHP â€“  
Head of Engineering at @TeamupCalendar

OSS Wi"
nicolsc,sigfox,66,20104,Sigfox is a worldâ€™s leading IoT (Internet of Things) communication service provider and 0G
vccafe,ediggs,187,19708,"Co-founder and managing partner at Remagine Ventures (@remaginev), investing the way consu"
rabble,rabble,1705,18521,"anarchist, hacker, troublemaker (he/they) working on the decentralized web. https://t.co/Q"
chenglou,_chenglou,1294,18514,"There's an underscore before my name =)
Worked on: @reactjs, @messenger, @reasonml & @resc"
yurisagalov,yuris,10339,18445,"Dad, husband, brother, son, friend, founder, investor (@Flexport, @Solugen, @Nowports, @Fl"
minimaxir,minimaxir,62280,18322,Data Scientist at @BuzzFeed in San Francisco // AI content generation // Mastodon: @minima
mrborgen,perborgen,1232,18215,CEO of @scrimba (YC S20). We help aspiring devs reach a hireable level for 1% of the price
joelhooks,jhooks,1713,18055,"lvl 15 half-orc nerd ğŸ„ devrel @inngest, built @eggheadio, working on @badass_courses helpi"
aatish,aatishb,2426,17921,"I'm not active on twitter, find me on my website or on Mastodon: @aatish@wandering.shop"
endtwist,endtwist,5208,17898,"Makes things.

ğŸ‘‹ Personal https://t.co/iJck1BIEja
ğŸš€ Planetary https://t.co/umT7qPlt8Q
ğŸ• Pi"
twiecki,twiecki,383,17774,"CEO & founder of @pymc_labs - The Bayesian Consultancy https://t.co/DXCWCwiEAY
@pymc_devs "
scottpiper,0xdabbad00,66,17555,"Cloud security historian.
Developed https://t.co/ZXFwkuyseC, CloudMapper, and Parliament.
"
curtiseinsmann,curtiseinsmann,9,17361,"Creator of https://t.co/lTtU2YmXBl, writing https://t.co/UIopxVvvOI, sharing my knowledge "
hakantan,hatr,138,17300,writing about hackers and their tradecraft @paper_trail_m â€“ @derspiegel â€“ @zdf
gnus,atlas,158,17104,Turn your idea into a startup.
joelgrus,joelgrus,1311,16971,engineering â€¢ ML â€¢ AI â€¢ NLP â€¢ author Data Science from Scratch â€¢ https://t.co/UJpCHsY5mM â€¢
zds,zsims,2890,16946,"co-founder and ceo of @codecademy, the easiest way to learn to code"
stevefink,stevefink,2385,16846,mostly awful takes
exolymph,sonyasupposedly,14218,16767,capricious dilettante ğŸ’… â€¢ work: comms lead @HedgehogDotApp â€¢ avatar by @suchaone â€¢ SLA: in
nathanmarz,nathanmarz,1959,16462,"Founder of @redplanetlabs. Programmer, author, pilot, charitable skeptic."
meganrosedickey,meganrosedickey,97,16317,"@Axios reporter covering San Francisco
megan.dickey@axios.com

Born and raised in SF âœŠğŸ¾"
tomharari,tomharari,42,16170,"Serial entrepreneur. Writing about business, creativity, and personal development. Buildin"
bbgm,mndoci,2869,16164,Read only mode.
domenicd,domenic,1335,15864,Working on @googlechrome to make the web better. Mainly as a way to pass the time before t
iisbum,mubashariqbal,1490,15799,"Building @FounderpathHQ

Side project list: https://t.co/CDMV6trzpF

Tweets about shipping"
vhiremath4,vhmth,570,15746,co-founder & cto @loom
pm2016,factordaily,143,15388,Signals that shape the future: because tech will change your life
pier0,pier0,2858,15241,"Gambling domains @gamblingdomains, pre-IPO investor, treasure hunter, books and maps colle"
fhoffa,felipehoffa,1456,15182,"Data Cloud Advocate at @SnowflakeDB. Originally from Chile, now in San Francisco and aroun"
miohtama,moo9000,6736,15012,"Co-founder at @tradingprotocol. Trust, but verify.  Cryptocurrency development since 2013."
goronbjorn,seanrose,2945,14792,hi@seanro.se
rtfeldman,rtfeldman,1363,14640,Letâ€™s go with the ambitious approach.
krithix,retool,1178,14547,"Build any business software, remarkably fast.

ğŸ› ï¸ https://t.co/z1o1BI5q4P
ğŸ‘¾ https://t.co/p"
oaf357,kubeweekly,770,14523,Curated weekly digest of all things @KubernetesIO!
garethr,garethr,1004,14519,"VP Product @snyksec. @openpolicyagent Conftest maintainer. Developer, designer, product. O"
harrybr,harrybr,911,14453,"Founder of https://t.co/rglFxIExhk. Head of innovation at a global fintech company. 

BOOK"
jamiequint,jamiequint,4660,14327,"GP @uncommon_cap Past: Head of Growth @NotionHQ, Led Growth & Monetization @reddit, Growth"
largehotcoffee,largehotcoffee,562,14269,"Founder & CEO, @FAKKU & more"
maxua,maxua,75,14064,"Ğ¡Ğ¿Ğ¾Ñ‡Ğ°Ñ‚ĞºÑƒ Ğ”ĞĞ£, Ñ‚ĞµĞ¿ĞµÑ€ Ğ”Ğ¶Ğ¸Ğ½. Keep going & Ğ¿Ñ–Ğ´Ñ‚Ñ€Ğ¸Ğ¼ÑƒĞ¹ Ğ—Ğ¡Ğ£."
peterkchen,peterkchen,1728,13948,Software/growth engineer. Design creates culture. Culture shapes values. Values determine 
ztratar,zachtratar,1673,13878,"Founder @ Embra. Former: Stripe, Jobstart (co-founder, acquired) & UIUC ECE. Entrepreneur "
mm_alex,mmalex,257,13817,"noob @ midjourney; ex: NVResearch (InstantNGP/NeRF); cofounder MediaMolecule (Dreams, Litt"
fogus,fogus,58182,13618,Clojure Core. Nubank. computing antiquary. Bibliophile. DC/VA. https://t.co/JYz4uM7OEn @fo
philmcp,philostar,889,13538,"Building internet projects. Growing them with SEO.

âœ¨ https://t.co/patIgpnwYu (200k users "
robhawkes,robhawkes,1941,13386,"ğŸ™ Visualisation at @OctopusEnergy
âš¡ï¸ Obsessed with maps and energy

âœ¨ Creator of @ViziCiti"
davidbarker,dvyio,21719,13290,"Creative technologist in London. Started in chemistry, now working as a designer/developer"
homakov,homakov,4675,13273,Security/crypto researcher. https://t.co/RDcMImw49X
jamesdutc,dontusethiscode,412,13195,"Scientific computing, data science, quant finance, Python. Board Chair @NumFOCUS. Known fo"
ohjeez,estherschindler,24478,13173,"Technology writer, editor, chocoholic. Not necessarily in that order. She/her"
arash_milani,arashmil,508,13074,"Husband, son, uncle, software product creator and happiness ninja."
genmon,genmon,912,12989,Blogger / Acts Not Facts / Open to collabs + product exploration / If this all evaporates 
jyap,jyap,1080,12841,Exploring the latent space with Stable Diffusion. Obsessive compulsively pushing AI to its
_msw_,_msw_,484,12813,Socio-technical Systems Engineer at Amazon | Free and Open Source Rambo | he/him/they/them
Rifu,rifu_,1168,12800,äºŒæ¬¡å‰µä½œåˆå¿ƒè€…ğŸ”°ãƒ»ã‚ˆã‚ã—ããƒ»Nice to meet youãƒ»https://t.co/wfQ6J3Yijcãƒ»æ™‚ã€…ç¿»è¨³ã—ã¦ã„ã¾ã™ãƒ»ã‚µãƒ–å¢ @mikunanodesu
lleims,jaimenovoa,1891,12770,Full time at @kfundvc. @dealflowes is my side project.
felixge,felixge,1555,12740,Staff Eng @datadoghq working on Go Profiling. Tweets about #golang and performance topics.
rdl,octal,38315,12498,"CSO, Evertas Insurance  (https://t.co/WtPspmdqj9 / @evertas)
the world's first cryptoasset"
ryanstewart,ryanstewart,593,12414,Product management @adobe. @kirabrady's biggest fan. â€œBenedicto: May your trails be crooke
kadavy,kadavy,2050,12320,"ğŸ“— Mind Management, Not Time Management: Productivity When Creativity Matters
ğŸ“• The Heart t"
NathanKP,nathankpeck,7253,12307,"Developer Avocado ğŸ¥‘ for Container Services at @awscloud. AWS ECS, Kubernetes, Fargate, Doc"
wietsevr,citizenlabco,30,12209,An e-democracy platform that connects local governments with their communities. Learn more
daveambrose,daveambrose,1236,12179,"Investor @bungalowcapital w. @MatthewZiskie. OG supporter of @podia, @chownow, @sourcegrap"
keleftheriou,keleftheriou,3184,12152,"Give me a challenge, and Iâ€™ll meet it with joy âœŒï¸"
jobeirne,jamesob,1845,12136,"@DCBitDevs @OpenSats /
prev. @ChaincodeLabs /
PGP: 0x25F27A38A47AD566
#npub1ta5sstxzpk7ayk"
weisser,julianweisser,2403,12128,busy being born | co-founder @beondeck
superlucy,plivo,259,11724,"Plivo's SMS and Voice API platform offers businesses a simple, fast, and scalable way to m"
jbackus,backus,536,11697,"Shameless, dissonant, and obsessive. Founder and CTO @getcognito (acquired by @Plaid)"
replicatorblog,josephflaherty,8793,11587,"Dad. Also, content/community at @fcollective â€“ Early backers of Uber, Coupang, Airtable, C"
matsuu,matsuu,1150,11563,"#ã‚¤ãƒ³ãƒ•ãƒ©å±‹ #å…ƒãƒ—ãƒ­ã‚°ãƒ©ãƒ #å…ƒãƒãƒƒãƒˆãƒ¯ãƒ¼ã‚¯å±‹
mastodon @matsuu@fedibird.com / @matsuu@fedi.matsuu.org
misskey @"
simonebrunozzi,simon,28953,11487,"Tech VC. Don't wait for the easy, handle hard better. Trying to become useless AFAP (as fa"
jfbastien,jfbastien,315,11395,Chief architect Woven by Toyotaâ€”Compiler engineerâ€”security enforcerâ€”C++ standards committe
ericmsimons,ericsimons40,1105,11292,CEO @StackBlitz making web development fast & secure. Viva la Web!
Mojah,mattiasgeniar,2968,11176,CTO @AcheronTrading. Building @OhDearApp.
davidbyttow,davidbyttow,843,10792,"Head of Engineering @Sorare. Previously Google, Square, Bridgewater, Snap, Secret, Lyft, a"
kdunglas,dunglas,1077,10759,@coopTilleuls and @MercureRealTime Founder / @ApiPlatform Creator / @symfony Core Team Mas
izqui,izqui9,392,10651,Building internet-native companies @Firm â€“ Prev @AragonProject cofounder
codybrown,codybrown,1128,10641,"mars, pixels, nuclear ğŸŒ¿ğŸŒ @gardenwtf âœ¦ @new_world_labs âœ¦ https://t.co/ovB2GUPKfW"
vacanti,vacanti,972,10625,Co-Founder/CEO of @YipitData
adaugelli,adaugelli,120,10528,True Ventures
danielkempe,quuu_co,161,10527,"Content curation, promotion and creation. A suite of content marketing tools and services "
girk,melissa,134,10519,WIP (work in product)
imurray,driainmurray,1358,10446,Professor of Machine Learning and Inference @InfAtEd and Amazon Scholar @amazondevscot. Op
eniax,eniac,22,10405,aka Nebo â–ªï¸ mobile growth | ad tech | ğŸ€ | still crypto curious
edwinwee,edwinwee,1971,10393,communications lead at @stripe / edwin@stripe.com
hugs,hugs,3071,10300,"I make robots ğŸ¤– at @tapsterbot. Started @saucelabs, @seleniumhq, @appiumdevs, @pinthing #ğŸ·"
ebloch,hellodigit,166,10153,"We used to go by Digit, now weâ€™re Oportun. Need support? Reach out to @oportunsupport. 
Sa"
bevacqua,nzgb,3300,10146,ui/ux engineering @tryramp â€” wrote @ponyfoo
calbucci,calbucci,729,10117,Benefits-Tech @ Amazon rethinking our employees' experience. Previously: 18yrs building st
alexchuang72,launchacademyhq,4,10017,Western Canadaâ€™s Leading Tech Incubator & Accelerator https://t.co/qDLdW7mKPw
mecredis,fredbenenson,1462,9945,"@tryBreadwinner, Emoji Dick, ğŸ¦ª @kickstarter, @creativecommons, @ycombinator, surfer, 'not "
tmlee,tmlee,2370,9852,"Co-founder & CEO at @coingecko, @purduecs 2012"
mattetti,mattetti,1433,9847,"New Stealth Project | @Splice co-founder - @XferRecords Advisor
(ex Microsoft,  PlayStatio"
efounders,mailjet,188,9818,"130,000 companies use Mailjet daily. Drive your results with meaningful emails! 

Support:"
bphogan,bphogan,2970,9709,"Technical content expert, author, educator, people manager, and software developer. He/Him"
mcgeadyd,wyldsson,127,9636,Plant-Based. Gluten-Free. Vegan. Exclusively online.
kul,kul,2343,9620,"Making it easy to live wherever, whenever as the CEO of @zeusliving ğŸ¡.  ğŸ’°by @airbnb @initi"
samiur1204,samiur1204,350,9598,"CEO/Cofounder @heyday_hq.

Ex-Head of ML at @Mattermark.
Pink Floyd/Radiohead/Nas fan.
Wit"
thinkbohemian,schneems,1024,9529,Creator of https://t.co/6Xy7Ww3Kw9. Author of the @HowToOpenSource book. Ruby core. he/him
heelhook,pablof7z,1299,9520,Climbing & bitcoin. âš¡pablo@f7z.io | Advisor @egodeathcapital Find me on nostr: https://t.c
sunsu,lylepratt,1444,9444,Building @VIDAislive with the Lightning network. Sometimes I tweet macro. Past: startups (
pbiggar,paulbiggar,7722,9366,"Making coding 100x easier at @darklang. Previously founder @circleci. Devtools, startups, "
ryandawidjan,ryandawidjan,31,9363,just been making friends from the internet for the last decade. building something fresh -
echen,echen,1299,9351,"building @HelloSurgeAI, data labeling for the richness of AI âš¡ former ai, ds at google, fb"
tosh,__tosh,136090,9332,"building ğŸ“ Jam, an open source Clubhouse (@jam_systems)"
ifesdjeen,ifesdjeen,451,9310,Distributed and Storage Systems. Apache Cassandra Committer and PMC member. Author of Data
pufuwozu,puffnfresh,3196,9285,Computational trinitarianist. Talk to me about programming languages. The parrot is real. 
msdi,matt,51,9252,Audio consultant. Serial co-founder: @folder @funkids @muxcodab @britpodawards @podfollowh
wey-gu,wey_gu,234,9128,"I build things, troubleshoot & sing. Chief Evangelist @NebulaGraph. Opinions are my own. M"
waqasaday,waqasali,1525,9095,@atoms
samlambert,isamlambert,3111,9050,CEO @PlanetScale
jbellis,spyced,4255,8951,"DataStax co-founder and CTO. At Mozy, I built a multi-petabyte, scalable storage system ba"
huda,hidrees,139,8949,"Founder & CEO, @DotHealth. Words in @voguemagazine, @torontolife, @CBC, @GlobeandMail, @bl"
joebottherobot,joebot,69,8938,"Taking some time off, previously @Airbnb Head of Experiences and VP of Product"
philplckthun,_philpl,280,8918,ğŸ‘‹ strangely typed â€¢ n+1 semi-archived OSS experiment libs ğŸ—» â€¢ core team for urql ğŸ’» â€¢ https
aprilzero,aprilzero,397,8853,founder of @gyroscope_app
shanev,shan3v,859,8848,Co-founder @StargazeZone / @CosmWasm dev
mmahemoff,mahemoff,6638,8829,caffeine powered language model. same handle on ğŸ§µ app.
edtechstrats,douglevin,351,8821,"Director, K12 Security Information eXchange (@K12SIX, a @GRFederation community). Mostly o"
michiel3,michielprins,870,8624,Hacker. Empowering the world to build a safer internet. Co-founder @Hacker0x01.
mwfogleman,tasshinfogleman,307,8542,dare to let love be the answer â¤ï¸
robinraszka,robinraszka,316,8537,"Building A1-driven universe simulation @1337us. Founder @Alter, acquired by @Google. Pasta"
pauldix,pauldix,2060,8483,"CTO of @InfluxDB (YC W13), founder of NYC Machine Learning, series editor for Addison Wesl"
jaffoneh,jaffoneh,145,8406,"Tweets about design, product, leadership & management. Startup advisor. Chief Design Offic"
DantesKite,then_there_was,3600,8366,curious human
swanson,_swanson,5733,8292,"ğŸ”¥  Ruby on Rails, StimulusJS, Tailwind, Hotwire tips 
ğŸ¯  Building https://t.co/3G3n0iVnIn "
jamesgpearce,jamespearce,2450,8285,"TinyBase and sailing. Previously Engineering Director at Meta: data infra, dev tools, open"
petenixey,peternixey,4226,8277,"Founder of https://t.co/G4ZyLhnjic, developer, writer and (very) occasional Angel. YCs2007"
krisnair,krisnair,68,8254,I was born & raised in a barn next to an equatorial rocket launch site - your minimalism m
jseifer,jseifer,1441,8149,"Software engineer @doximity.
I like craft puns and groan worthy beer."
jobenjo,finkel,384,8129,Working on the future of better meetings @getsesh. Founded Jelly (â¡ï¸ Pinterest) and Fluthe
taylorbuley,taylorbuley,20943,8124,"Tweets are not advice and may not reflect anyoneâ€™s views â€” including my own, let alone a g"
MatCarpenter,matcarpenter,288,8115,"Hi, Iâ€™m Mat."
mcfunley,mcfunley,3312,8075,Leading expert
maximedupre,maximehugodupre,140,8067,"I used to make ğŸ’° as a blockchain dev. Now I make $200 MRR as an indie dev ğŸ¥¹

ğŸ‘¨ğŸ»â€ğŸ”¬ https://"
buss,sbuss,1612,8066,"Co-founder @GrowSF, building a better San Francisco. Ex-{@Google, @CounsylDev, @Amazon} so"
nsomani,neelsalami,349,7933,proud @cal bear building customizable rollups with @EclipseFND
danyork,danyork,2534,7932,"Working for open Internet for everyone. #InternetAccess, #LEOs, #curling, #Vermont. Work: "
tuhin,tuhin,1099,7927,"AI/AR/HCI â€¢ dreaming dream machines @apple â€¢ fashion, architecture & porsches"
anvaka,anvaka,997,7907,"I love books, people and life. Passionate about JavaScript. Views are inspired by you"
tiffani,humanutility,926,7873,"Dignity for everyone, everyday. Donors like you have helped over 1,200 families w/water bi"
zeeg,zeeg,1179,7843,"the most authentic person you know - founder/cto @getsentry

https://t.co/NOl01qdSPZ - htt"
Pete-Codes,petecodes,840,7811,"Twitter ghost writer for hire

Newsletter for founders- https://t.co/cj79C5GgeY

Inspirati"
matthaeus,matthaeus,271,7768,"https://t.co/TTb0MBM1OF
https://t.co/bBI5WjcvDE"
kneath,kneath,3284,7595,"Retired megastructurist. 

Opinions are my own, and do not express the opinions of non-can"
spencerfry,spencerfry,2464,7523,Founder @podia. Cooking is my passion. ğŸ‘©â€ğŸ³
kscottz,kscottz,698,7465,"Computer vision, robotics, software, hardware and stuff. Advocate @OpenRoboticsOrg / @roso"
crawshaw,davidcrawshaw,2546,7433,programmable networks @Tailscale. CTO. forever a programmer
nicolast,scality,1109,7428,"Leader in software-defined file and object storage, proven by 700M users and 1.6T objects."
felixrieseberg,felixrieseberg,1432,7364,"ğŸ¤“ co-maintainer @electronjs | At @notionhq, ex @stripe @slackhq @microsoft ğŸŠâ€â™‚ï¸ğŸƒâ€â™‚ï¸ğŸš´â€â™‚ï¸Tri"
jcastro,castrojo,3113,7323,"ğŸ‡µğŸ‡·@jorge@hachyderm.io â€¢ cncfâ€¤io/developer-relations:community â€¢ he/him

Emeritus: VMware â€¢"
loganabbott,loganabbott,468,7316,"President of @SourceForge, @Slashdot, @SlashdotMedia & @Wirefly - into software, MMA, kite"
bookofjoe,bookofjoe,59947,7299,"https://t.co/XrbrDm4xc1 
YouTube: https://t.co/u7Gy1VmZIl
https://t.co/HgDJctoWPE
https://"
danilocampos,_danilo,16274,7283,"I help make software for people who make software. DX consultant, essayist, and student of"
grwthckrmstr,hipreetam93,671,7245,Living â€¢ Exploring â€¢ Writing https://t.co/lCaVVQ1R65 â€¢ Habit Tracker App https://t.co/9aHp
berkeleymalagon,magic,9,7214,Accomplish more with modern outsourcing and AI.
spboyer,spboyer,22,7204,"Principal PM Mgr Azure Developer Tools & E2E @Microsoft, @OpenJSF Board, Husband, father. "
dceddia,dceddia,2962,7194,Making video editing faster with https://t.co/3gwkOeWtkW. Teaching webdev and React at htt
pedrogrande,pedrogrande,55,7165,"Social Innovator, Trekkie & SciFi Nerd living on unceded lands. Digital civilisation build"
tommoor,tommoor,4349,7161,"ğŸ‘‹  Building @getoutline, @linear. Expect hot takes on product, OSS, and urban design. I'm "
jchanimal,jchris,1463,7159,"Co-author: ChatGPT Shorcuts @OReillyMedia, co-founded @Couchbase, @McKinsey #FinLab alum, "
jchrisa,jchris,4302,7159,"Co-author: ChatGPT Shorcuts @OReillyMedia, co-founded @Couchbase, @McKinsey #FinLab alum, "
adrianhoward,adrianh,4089,7134,"Helping great teams & products get better. Coaching leaders where Strategy, Delivery & Res"
brianmwang,brianmwang,518,7119,Executive coach helping founders transform into compassionately powerful leaders https://t
ivankirigin,ikirigin,12987,7098,"Investing in AI, ML, automation, and robotics. ivan@tango.vc

No tech: @tekno_Ivan"
tuxxy,__tux,1361,7069,militantly transgender - founder/ceo @entropydotxyz - post-left anarchist - cryptography e
mholt,mholt6,9635,7049,Imperfect member of the restored Church of Jesus Christ. Husband. Stepdad. Created @caddys
makeee,gabe_ragland,736,7043,Engineer at @LexicaArt â€¢ Hacking on @divjoy @lootlang https://t.co/8WhSVLcIZc (sold) â€¢ YC 
arpit,arpit,933,7020,"Now on Mastodon ğŸ‘‹

ğŸ˜ https://t.co/3sV0auhvvM"
bd,alteredq,5291,6990,""
frankdilo,frankdilo,310,6987,Building ambitious indie products â€¢ Programmer â€¢ Co-founder of @typefully and @mailbrew (a
jonathanmayer,jonathanmayer,1137,6987,"@Princeton prof and tech + law person. Previously at the Senate, @FCC, @Stanford, and CalD"
clarecorthell,clarecorthell,428,6984,mostly feral despite best efforts. alaskan androgynarch of golden sebrights and little art
smalter,smalter,2703,6965,"co-founder of @sacrainc, investor at https://t.co/9zdmUKJwn8 and chairman at @animalzco. p"
maneesh,maneesh,1395,6861,ENTP Mad Scientist with a mission to help every human stick to their goals. Founder of Pav
jonathansampson,jonathansampson,1651,6858,Building the web since the mid-90's. Regional Manager of The Office references. Microsoft 
saaaam,sam_lavigne,799,6823,https://t.co/RcHDcSq5W3 ğŸ•³ğŸ•³ğŸ•³ https://t.co/wS2ilXFMTj ğŸ•³ğŸ•³ğŸ•³ https://t.co/JmV3TPta1L
limedaring,tracymakes,2312,6780,"Program Director at @tinyseedfund. Author of Hello Web Design (@nostarchpress). Designer, "
dons,donsbot,9590,6742,Not on Twitter anymore. Follow me at https://t.co/TsydQVKe5X and https://t.co/yZojCG7KEO
seanlinehan,seanlinehan,911,6724,"CEO @WithExec â€“ on a mission to unlock human potential

Previously VP of Product @flexport"
mikewest,mikewest,447,6708,"@mikewest@mastodon.social - Making the web marginally less insecure, one deprecation at a "
modeless,modeless,28572,6690,""
baccredited,baccredited,696,6682,coder. investor. degen.
mrkmcknz,mrkmcknz,1064,6678,"How you do anything is how you do everything.

Founder @apolloxyz_ & co-founder @MegapontN"
webwright,webwright,9537,6671,Working on new things. prev founder/CPO @glowforge / founder/CEO @rescuetime I (re)tweet a
parisidau,parisba,122,6655,"games + tools @thesecretlab +  @yarnspinnertool (Night in the Woods, I Feel Fine, Leonardo"
galenward,galenward,162,6565,"Tweeting and writing as I learning about climate.
I â¤ building products and companies."
rolando,olark,149,6495,Chat + Website = A human way to turn web visitors to prospects. Try today: https://t.co/SC
dpup,dpup,135,6445,Englishman in California; Photographer; Snowboarder; Recovering adrenaline junky. Founder 
lacker,lacker,12916,6433,"Aspiring alien hunter. Formerly: Parse cofounder, Facebook eng manager, Google search qual"
mikado,hetic,49,6398,ğŸŒ HETIC - La Grande Ã©cole de la tech.ğŸ“Formons les talents du #digital pour faÃ§onner l'aven
kschrader,kurt,695,6394,CEO/Co-Founder of @shortcut
phineyes,phineyes,168,6394,"making the internet faster, one hop at a time. ceo & co-founder @joinhop â€¢ ğŸ“¡ AS952"
sdan,sdand,4011,6350,token bearer
jonpaul,jprichardson,1947,6343,Helping people exit the traditional financial system from within America's heartland: Nebr
brackin,brackin,2188,6332,English â€” Thiel Fellow â€” Co-founder of @VialTrials â€” Founding Team at @NewfrontHQ & Jobr (
Pneumaticat,kliu128,711,6311,"Fan of joyful software, ML that doesn't suck, and urban planning. A perturber of nonlinear"
kamens,kamens,1572,6304,"Giving scientists AI superpowers @springdiscovery.

Origins: @khanacademy & Fog Creek."
skevvis,skeevis,410,6287,"Founder, developer, and coach building products for human connection.

@relatablecrm @__th"
aculver,andrewculver,1746,6277,"Creator of https://t.co/fQcD62h1Nj, https://t.co/7SDqscW2Ss, https://t.co/OAmkAKdfvN. Orga"
thetylerhayes,thetylerhayes,211,6249,CEO @AtomLimbsâ–«ï¸The first artificial human armâ–«ï¸Bebo ğŸ® Prime ğŸ¥ Disqus ğŸ’¬
bascodes,bascodes,58,6188,"Software Developer | Consultant | Trainer
#CoffeeChatter â˜•
Tweets about
ğŸ Python and Softw"
brandur,brandur,3120,6164,"Engineering @ Crunchy Data. Ex-Heroku, Ex-Stripe. Occasional writer.

Themes: web APIs, Po"
sid_viswanathan,sidviswanathan,117,6141,Co-founder & CEO at Truepill. We are transforming consumer healthcare through our infrastr
phoboslab,phoboslab,5646,6139,""
bslatkin,haxor,1139,6109,"Author of @EffectivePython. Software engineer, Office of the CTO @Google. Host of  https:/"
amitness,amitness,527,6093,NLP @ummalta x Cognitive Science @cimec_unitrento. Visualizing ML at https://t.co/gkf4Kgrs
jnoller,jessenoller,8376,6077,"Distributed systems engineer, Python programmer, writer, hopeless science nerd, mycologist"
infodocket,infodocket,12582,6051,Shirl Kennedy and Gary Price are now blogging at: https://t.co/rEtwyzCjnx & https://t.co/F
prospero,ztellman,1897,6040,the fear that some number may begin to grow in my brain until there is no more room for it
ozh,ozh,1828,5968,I wrote https://t.co/jnVDdho592 about WordPress plugins. I make https://t.co/5ghkjUL4qb. I
marcamillion,marcgayle,4085,5946,Believer. Company Builder. Owner of @tcptings. Financial Analyst. I believe JAâ€™s best year
muan,muanchiou,278,5922,is no longer here. find me on my website.
akanet,fulligin,2482,5911,"board member @yimbyaction, founder @coderpad, amateur photographer and journalist. send me"
edfernandez,efernandez,47,5910,"Board Director - Early stage VC - PE, Faculty @Northeastern Uni, Nerd, Half Vulcan 1st PC "
watsonc73,soundwave,66,5895,Chat and share music with friends for free. Download here on iPhone: http://t.co/z6ocgIfVJ
kipply,kipperrii,701,5893,"a simple, but unusual object. alt @kipperriiii"
bfirsh,bfirsh,3849,5888,https://t.co/G1EoRceajU / https://t.co/P3bIJyMtkU / https://t.co/vt6LozqLGX / previously: 
rrpadhy,rashmiranjan,239,5867,"BUIDLing  Z3TA | @borntodiegame | MAYC #23267 (Rank 44) | NFTs, Gaming, and Metaverse | Th"
mikeknoop,mikeknoop,4140,5861,"Co-founder @Zapier, Head of Zapier AI ğŸ¤–"
jazzychad,jazzychad,7859,5850,ğŸ§ Overall programming nerd with too many project ideas for one lifetime. Nixie tube enthus
kineticac,art_chang,722,5809,"Visual art, engineering, and startups.  Threads: https://t.co/GUia9dH99C"
bdr,andrewbadr,9203,5807,"internet art, writing, code â€¢ ab on bluesky, andrew on mastodon, ndrbdr on threads"
L_Rahman,mason,2362,5804,This space left intentionally blank
ALee,ndrewlee,7492,5770,"Entrepreneur-in-Residence @A16Z @A16ZGames SPEEDRUN, prev @Initialized, former founder, @F"
davelester,davelester,364,5728,"Open source software and developer communities. Formerly @ Google and Apple.
ğŸ˜ Mastodon: d"
tobydownton,tobydownton,38,5708,"#Futurology #Tech #Crypto #FLUF #ENS #QQL

General Manager of Wayver Ltd. I like beer, cur"
jamiew,jamiew,106,5695,"programmer, entrepreneur â€¢ cofounder @glifxyz | https://t.co/Jf03wY5qdx â€¢ board @heliumfnd"
wattjustin,just_watt,98,5671,ğŸ‘‹ Founder @ Stakeholders helping 40+ startups & SMBâ€™s turn process into profit with Automa
jnfr,lunchbag,439,5666,"ğŸ’° Solopreneur, engineer & designer @lunchmoney_app
ğŸ‘©â€ğŸ’» Supporting bootstrapped founders @p"
mattkrisiloff,mattkrisiloff,2954,5594,"CEO @Conception (turning stem cells into human eggs)

Started @SciFounders (helping scient"
blackant,jasonlong,29,5592,"Product Design @planetscaledata, previously @github. Mostly on Bluesky now."
kessler,kessler,288,5587,"Girl dad, CMO @getallwhere, startup advisor, investor. Former early team at WeWork. Endles"
johnpolacek,johnpolacek,1084,5573,"Engineering Manager at https://t.co/Mm95e9RoRK. Creator of Scrollorama, BigVideo, Stacktab"
ryanwaggoner,ryanwaggoner,20412,5520,I help freelancers build sustainable six-figure careers. Check out my guide to lessons lea
dmvaldman,dmvaldman,1422,5499,AI stuff. Formerly co-founder @standardai
graiz,graiz,745,5476,"Recovering entrepreneur, designer, engineer. Founder of Raiz Capital - https://t.co/H2jbYb"
pixelmonkey,amontalenti,5158,5474,"Founding CTO of @Parsely (acquired by @Automattic). Interested in: F/OSS, Python programmi"
geal,gcouprie,626,5473,"senior staff engineer @apollographql, ex @clever_cloud
works on nom, biscuit, sÅzu, lapin "
hivacruz,whattheshot,236,5469,A bot running a cinema quiz game every 10 min. Can you guess the movie/director/actor? Rep
jubos,jubos,373,5467,co-founder @electriccapital / oss maintainer
asb,asbradbury,4150,5464,"Compilers @Igalia. @llvmweekly author. Previously: @lowRISC CTO and co-founder, researcher"
sanchitasaha,citysocializer,13,5433,Social events with new friends. Meet new people today â¤ï¸
moizsyed,moizsyed,142,5417,"Designing @Pocket at @Mozilla â€¢ Previously @ProPublica, @TheIntercept, @Wikimedia â€¢ he/him"
iampliny,endcrawl,127,5338,The thing everybody uses to make their end credits. Render monster. Film producerâ€™s best f
abrudtkuhl,abrudtkuhl,518,5304,"ğŸ“  building saas @itsfinecompany ğŸ‘‰ https://t.co/yLVTl0Rafg, https://t.co/ugJi4oRelD 
ğŸ§‘â€ğŸ’» ht"
crandycodes,crandycodes,239,5303,Chris Anderson (he/him/they) - Current: PM Leader Amazon DynamoDB - Prev: @Microsoft @Azur
ejcx,ejcx_,2732,5252,ğŸ‘¾ğŸ‘¾ Co-Founder of @RunReveal . ğŸ„ğŸ„ Former Cloudflare Sr. Director of Security Engineering. J
rmccue,rmccue,1108,5226,"Director of Product at @humanmadeltd, building @altisdxp. Created https://t.co/UlbwOlIx60."
beliu,beyang,2233,5209,"Building Cody, the open source AI coding assistant: https://t.co/4clfow2xT7"
shawnee_,indie,2443,5207,Now known as Small Technology Foundation. Follow what weâ€™re doing @aral and @LauraKalbag.
LukeFitzpatrick,iamwormify,168,5178,"During 2015, he helped unpack one of the first bitcoin ATM's to arrive in Seoul (pic above"
obeattie,obeattie,1205,5142,"Technologist, outdoorsman. Previously VP Architecture @monzo."
randall,randallb,3735,5142,Software engineer. Friendly ambitious nerd. Founded Vidpresso (YCW14) sold to $meta in '18
sandergansen,sandergansen,58,5136,Here to Play the Game! | Building Banana DAO | Hosting @NFTTallinn | Bringing Old Guards t
hughstephens,hughstephens,569,5123,"I don't know how to internet, but I do know some SaaS. Runs @getskedsocial, founder/invest"
arice,senorarroz,333,5112,"founder & cto, @hacker0x01 | #blacklivesmatter"
grinich,grinich,6115,5110,@WorkOS
conesus,samuelclay,6325,5093,Building @solreader. â‚ Founder of @NewsBlur and @TurnTouch. âœº We belong to nature.
aboodman,aboodman,2194,5035,"Building @replicache and https://t.co/BTPf9Konn2, raising two great kids, trying to be a b"
mayop100,startupandrew,4229,5029,Bringing AI to email @Shortwave. Formerly cofounder @Firebase.
fekberg,fekberg,2241,4998,Dad. Cyclist. Speaker. Developer. CEO @ fekberg AB. Author @ Pluralsight & C# Smorgasbord
